<?xml version="1.0" encoding="UTF-8"?>
<project-private xmlns="http://www.netbeans.org/ns/project-private/1">
    <editor-bookmarks xmlns="http://www.netbeans.org/ns/editor-bookmarks/2" lastBookmarkId="0"/>
    <open-files xmlns="http://www.netbeans.org/ns/projectui-open-files/2">
        <group>
            <file>file:/C:/Users/12399/Documents/NetBeansProjects/JavaApplication1/src/Manager/Managermodel.java</file>
            <file>file:/C:/Users/12399/Documents/NetBeansProjects/JavaApplication1/src/Manager/EmployeeController.java</file>
            <file>file:/C:/Users/12399/Documents/NetBeansProjects/JavaApplication1/src/modules/employee.java</file>
            <file>file:/C:/Users/12399/Documents/NetBeansProjects/JavaApplication1/src/modules/manager.java</file>
            <file>file:/C:/Users/12399/Documents/NetBeansProjects/JavaApplication1/src/Manager/Test.java</file>
            <file>file:/C:/Users/12399/Documents/NetBeansProjects/JavaApplication1/src/Manager/ManagerView.java</file>
            <file>file:/C:/Users/12399/Documents/NetBeansProjects/JavaApplication1/src/Manager/EmployeeView.java</file>
            <file>file:/C:/Users/12399/Documents/NetBeansProjects/JavaApplication1/src/Manager/ManagerController.java</file>
            <file>file:/C:/Users/12399/Documents/NetBeansProjects/JavaApplication1/src/Manager/ParentsClass.java</file>
        </group>
    </open-files>
</project-private>
